"L2_car","L2_cloud","L5_car","L5_cloud","year1","year3","year5","year10","gender","age","job"
"Ce nouveau concept est pratique car mais ce que je trouve dommage c'est que je ne peux plus conduire par plaisir vu que tout est automatis√© ",,,,3.0,3.0,30.0,80.0,"2","24","2"
,"Je me sens √† moiti√© ma√Ætre de mon v√©hicule. L'√©quipement de ma voiture me donne la sensation d'en √™tre ma√Ætre mais l'IA prend le dessus quant √† ses fonctionnalit√©s.",,,50.0,0.0,0.0,0.0,"2","24","3"
,,"Inquiet quant √† la possibilit√© de reprendre la main en cas de besoin. Pas question de faire enti√®rement confiance au v√©hicule.",,0.0,0.0,0.0,0.0,"1","57","2"
,,,"Manque de confiance par manque d'habitude l'ordinateur √©tant √† distance je ne me sent pas pr√™te pour ce genre de v√©hicule",2.0,20.0,50.0,90.0,"2","57","2"
,,"Je n‚Äôai pas besoin de me sentir ma√Ætre de mon v√©hicule si ce dernier est totalement autonome. 
Il s‚Äôagit de ce fait plut√¥t d‚Äôune question de confiance en la technologie plut√¥t que de maitrise de la voiture. 
Je me demanderais donc si je fais assez confiance √† l‚Äôordinateur et √† la technologie pour lui confier la responsabilit√© de la conduite. ",,9.0,25.0,40.0,70.0,"1","28","3"
,,,"Je ne ressens aucune ma√Ætrise si je suis dans un v√©hicule de niveau 5.
J‚Äôaurais du mal √† enti√®rement faire confiance au v√©hicule dans ce contexte l√†, du moins dans un premier temps. ",0.0,0.0,0.0,5.0,"2","26","2"
,"La voiture n‚Äô√©tant que qu‚Äôa un niveau 2, je me sens tout de m√™me ma√Ætre du v√©hicule car j‚Äôai acc√®s aux commandes principales. C‚Äôest simplement une aide √† la conduite qui m‚Äôest propos√©e. ",,,0.0,10.0,20.0,30.0,"1","24","2"
,,,"Je ne me sentirai pas ma√Ætre de mon v√©hicule. Le fait de n‚Äôavoir aucun contr√¥le sur ce v√©hicule et sur les situations qui pourraient se pr√©senter m‚Äôeffraierait. Je craindrais √©galement une d√©fa√Øence du c√¥t√© du syst√®me le pilotant √† distance. ",0.0,0.0,0.0,15.0,"2","25","2"
,"Je ne me sentirai pas totalement ma√Ætre de mon v√©hicule et je n‚Äôaurai pas confiance en l‚Äôordinateur √† distance le dirigeant. 
",,,0.0,0.0,2.0,5.0,"1","26","2"
,,"Dans ce cas je ne me sens plus du tout maitre du v√©hicule, et j'avoue que devant les cas nombreux et complexes que
Comporte la circulation auromobile, je ne me sens pas rassur√©e. Je pense qu'il faudrait que je puisse reprendre la main sur la conduite en cas de danger pour pouvoir me rassurer. ",,1.0,1.0,1.0,1.0,"2","62","3"
"J'ai un v√©hicule simple rassurant me permettant peut-√™tre gr√¢ce √† certaines t√¢che accomplie automatiquement par la voiture √† faire plus de kilom√®tres annuler une seule session √ßa me semble bien s√©curisant",,,,23.0,92.0,100.0,100.0,"1","55","2"
"Le fait que la voiture soit √©quip√©e de fa√ßon classique  avec toutes les donn√©es au niveau du tableau de bord type pilote automobile ",,,,2.0,32.0,80.0,100.0,"1","64","3"
,,,"En aucune mani√®re je ne me sentirais avoir le contr√¥le du v√©hicule. Je trouverais cela dangereux pour les autres et pour moi-m√™me.",0.0,0.0,0.0,0.0,"1","44","2"
"Je me sens ma√Ætre de mon v√©hicule si je d√©cide de l'utiliser. La technologie est la si je le d√©cide. ",,,,0.0,0.0,50.0,100.0,"1","47","2"
,,"Je ne ma√Ætrise rien..... j‚Äôimagine mal cela...trop peur !!!!j‚Äôattendrais les exp√©riences concr√®tes et positives et encore....... de toutes fa√ßons il faudra bien y venir dans le temps..... mais vu mon √¢ge...... j‚Äôen resterais √† la ma√Ætrise totale de mon v√©hicule quoique je veux bien tester le niveau 2 celui o√π on a encore la main mise mais que le freinage et acc√©l√©rateur sont automatiques !!!! ",,2.0,2.0,2.0,0.0,"2","75","3"
,,,"On est ma√Ætre de rien du tout vu que tout est g√©r√© automatiquement 
En plus le dispositif de gesti√≥n est √°  distance",1.0,6.0,12.0,16.0,"2","53","2"
,,,"Selon moi, il est clair que les v√©hicules dot√©s d‚Äôune fonction de conduite autonome am√©lioreront la s√©curit√©, ainsi que l'efficacit√© du trafic. Toutefois, dans certaines situations de circulation, ainsi que pour l'entretien et la surveillance des v√©hicules, une assistance humaine sera encore n√©cessaire. Donc je me sens ma√Ætre de mon v√©hicule quand j'attache une certaine attention sur la route et sa circulation. Le niveau 5 est insuffisant pour me rassurer en conduite, je pr√©f√®re √™tre alerte √† tout obstacle de circulation. ",10.0,10.0,20.0,40.0,"1","22","2"
,,"Se texte ne pr√©sente aucun moyen de se sentir ma√Ætre du v√©hicule. Pas m√™me un moyen de freinage d'urgence manuel n'est √©voqu√©. Dans une telle voiture on peut se sentir comme le propri√©taire, mais en aucun cas ""ma√Ætre"" du v√©hicule car tous les moyens de contr√¥le sont automatis√©s",,0.0,0.0,0.0,25.0,"2","28","2"
,,"En aucuns cas je suis ma√Ætre de mon v√©hicule.tout sera contr√¥l√© par l‚Äôordinateur de bord et les donn√©es inscrites au d√©part.Le risque c‚Äôest que nous sommes avec un syst√®me d‚Äôexploitation via nos satellites et un r√©seau . Il ne faut pas √™tre dans des zones non couvertes et qu‚Äôune d√©faillance technique arrive car nous sommes avec de l‚Äô√©lectronique.",,1.0,5.0,15.0,35.0,"1","38","2"
,,,"Manque de confiance dans le dispositif de conduite
Crainte du piratage informatique surtout si l‚Äôordinateur est a distance 
Plus de libre arbitre en cas d‚Äôimpr√©vu sur la route ",3.0,8.0,10.0,50.0,"2","38","2"
"Difficile pour moi de laisser mes d√©cisions seule √† l'intelligence artificielle avec tout ce que cela suppose pour ma libert√©....",,,,2.0,2.0,24.0,31.0,"1","62","3"
,"Je me sentirais ma√Ætre de mon v√©hicule car je peux en reprendre le contr√¥le √† tout instant. Cependant je ne pense pas utiliser une telle option car elle n√©cessite de rester concentr√© sans conduire. Je pr√©f√®re conduire normalement.",,,0.0,5.0,15.0,40.0,"1","25","1"
,,,"Pas du tout ma√Ætre du v√©hicule, aucune action faite par l'homme et tout est g√©r√© par les technologies (ordinateur, intelligence articielle). Je ne pense pas √™tre pr√™te √† poss√©der ce genre de v√©hicule sans aucun contr√¥le sur la voiture",0.0,5.0,5.0,8.0,"2","23","1"
,,"Avec une voiture enti√®rement automatis√© et autonome, j‚Äôaurai la sensation de ne rien contr√¥ler et de ¬´¬†subir¬†¬ª la situation. ",,10.0,10.0,20.0,50.0,"2","25","2"
,,,"Je ne me sens pas ma√Ætre de mon v√©hicule car je n'ai pas de moyen de prendre le contr√¥le dessus.
Il faudrait que j'ai des moyen de conduire en mode manuel pour me sentir ma√Ætre de mon v√©hicule",0.0,0.0,10.0,19.0,"1","24","1"
,,"Je ne me sens pas ma√Ætre de mon v√©hicule puisque je n'en suis pas conductrice. Cependant je pense qu'apr√®s plusieurs √©tudes et test, il est possible que je puisse faire confiance √† cette intelligence artificielle. ",,30.0,35.0,50.0,60.0,"2","24","1"
,,,"Je ne me sens absolument pas maitre de mon vehicule. Je me demande si quelqu'un d'autre peut avoir acces a ma localisation et gerer ma conduite sans que je sois au courant, je pense que cela pourrait etre dangereux. Comment est geree la securite de mes donnees et ma securite? ",0.0,3.0,15.0,50.0,"2","24","2"
,"J'aurai tr√®s peur qu'il y ai une d√©faillance dans le cloud, il ne vaut mieux pas imaginer que c'est command√© √† distance... On ne sait jamais, au vu du texte s'il y a une d√©faillance on ne peut pas √©viter un accident ",,,2.0,2.0,6.0,13.0,"2","24","1"
,,"Je ne me sens absolument plus ma√Ætre de mon v√©hicule, je redeviens un simple passager qui monte dedans et est amen√© √† destination.",,3.0,3.0,3.0,5.0,"1","25","2"
"Les avions ont un pilote automatique pourquoi pas les voitures donc vivement ..............que cela arrive....",,,,0.0,0.0,0.0,10.0,"1","76","3"
,,,"√Ä aucun moment car aucune possibilit√© d'interagir en cas de probl√®mes ""informatique"" ce qui est quand m√™me assez courant de nos jours les buggs",0.0,0.0,0.0,0.0,"2","58","2"
,,"On n‚Äô est pas ma√Ætre du v√©hicule. Il faut pouvoir reprendre le contr√¥le. La voiture sera connect√©e et donc piratable. ",,0.0,25.0,52.0,97.0,"1","65","3"
,"L'histoire de la ""distanciation"", mot √† la mode en ce moment, me laisse songeur... En effet, pour respecter ces intervalles de s√©curit√©, il faudrait que tous les v√©hicules en soient √©quip√©s ce qui est encore tr√®s loin d'√™tre le cas. Hors, lorsque  vous respectez les distances, il y a toujours un petit malin qui vient se positionner juste devant vous. Cela est d'autant plus vrai lorsque la circulation est dense... Sinon, je trouve particuli√®rement p√©nible qu'un objet me donne des ordres.",,,1.0,1.0,1.0,10.0,"1","53","2"
,"J'aurai peur justement de ne pas √™tre ma√Ætre de mon v√©hicule avec toute cette modernit√©. Pas tr√®s confiance.",,,0.0,0.0,0.0,0.0,"2","64","3"
,,,"Je pense que si je poss√®de un v√©hicule de niveau 5, ce dernier sera ma√Ætre de la voiture et non moi.  
Je dois lui d√©dier une totale confiance, il effectuera de mani√®re autonome toutes les t√¢ches de conduite que je g√©rais avant. Je ne sais pas si je suis pr√™te.  ",9.0,8.0,30.0,40.0,"2","24","1"
"On doit rester vigilant, donc c‚Äôest plus fatiguant que de conduire, j‚Äôimagine.___________________________________",,,,1.0,1.0,1.0,1.0,"1","52","2"
,,"Non pas en securite
Je n‚Äôai pas envie sur le stockage des donn√©es soit d√©localis√© , cela ne me rassure pas üò©",,3.0,3.0,4.0,8.0,"2","57","2"
"Disons que je suis ma√Ætre de mon v√©hicule jusqu'√† ce qu'il y ait un dysfonctionnement de la fonction autonome du v√©hicule. Mais dans le sens o√π je peux reprendre la main √† tout moment je me sentirais quasiment totalement ma√Ætre du v√©hicule. ",,,,0.0,50.0,90.0,100.0,"2","26","1"
,"Je me sens ma√Ætre mais moins attentif, par contre le dispositif de conduite sur cloud ne rassure pas du tout",,,0.0,30.0,65.0,90.0,"1","25","2"
,,,"valable peut √™tre en inter urbain  mais pas chez moi √† la campagne.je ne laisse pas ma vie aux mains d'un syst√®me pareil!  ",0.0,0.0,0.0,50.0,"1","62","3"
,,"Anticiper des situations inattendues qui ne peuvent pas √™tre programm√©es
D√©programmer un itin√©raire en cours de route ",,1.0,2.0,4.0,7.0,"2","24","2"
,"J ai bien peur de m'endormir Mais je suis bien plus disponible pour alimenter une conversation je ne sais pas combien je fais confiance au syst√®me de s√©curit√©
Dans les limites des r√®gles de vitesse j aurai s√ªrement le d√©sir de reprendre le contr√¥le plus que n√©cessaire 
Apres une p√©riode d adaptation je pense que j aimerai cette nouvelle r√©alit√© ",,,4.0,8.0,27.0,66.0,"1","74","3"
,"Dans ce contexte, je me sentirais ma√Ætre √† 50% de mon v√©hicule. Les 50 autres % sont pour la technologie.

Je vois d'un bon ≈ìil l'automatisation de la voitures avec l'aide de L'IA. Dans quelques ann√©es, on en trouvera de plus en plus jusqu'√† qu'il n'y ait plus que √ßa √† long terme.

Cependant en 2020, je pense qu'il y ait encore trop de faille dans le syst√®me pour que je puisse me sentir en s√©curit√© totale. √Ä ce stade l√†, je n'ai pas une confiance totale en mon v√©hicule
",,,9.0,20.0,40.0,49.0,"1","23","1"
,,"Je ne me sens pas maitre du v√©hicule, ni propri√©taire. Je vois cela plus comme un service rendu par un transport ne me laissant une marge d'improvisation possible avec une voiture classique (ou transport individuel). De plus je me sens contraint par des possibilit√©s finis de ""destination"" ",,0.0,0.0,0.0,0.0,"1","22","1"
,,"Pas du tout ma√Ætre du v√©hicule, cependant, les accidents de voitures sont souvent du √† erreur humaine, si tout les v√©hicules √©taient automatis√© on aurait surement moins d'accident. Mais je pense que cela serait la m√™me sensation d'impuissance que dans un avion par exemple ",,2.0,4.0,15.0,25.0,"2","23","1"
,,"Je ne me sens absolument pas maitre de mon v√©hicule. Je n'ai aucun pouvoir sur ma voiture, et cela ne me plait pas, et me fait m√™me peur.",,0.0,4.0,10.0,50.0,"2","29","2"
,,,"Je n‚Äôen serai aucunement ma√Ætre ! Je ne g√®re dans ce cas l√† plus rien ! Et m√™me la voiture ne g√®re plus rien, si cela passe par le cloud.",1.0,1.0,1.0,10.0,"1","21","1"
"Je me sens plut√¥t assez en contr√¥le de mon v√©hicule dans le sens o√π je peux intervenir lors de la conduite, et que le v√©hicule est √©quip√© de commandes classiques que je connais, et que je peux prendre en main facilement",,,,2.0,5.0,10.0,25.0,"2","23","1"
,"Je pense que cela demande un temps d'apprentissage pour vraiment faire confiance au v√©hicule. √âtant donn√© que la vigilance n'est pas cens√©e diminuer, il me serait difficile, une fois ma√Ætrisant bien le v√©hicule, de ne pas rel√¢cher mon attention, en utilisant mon portable ou en me perdant dans mes pens√©es... La stimulation qu'apporte la conduite permet de rester alerte selon l'endroit (autoroute vs ville). Donc, pour r√©pondre √† la question, paradoxalement, plus j'utiliserai le v√©hicule et moins je me sentirais ma√Ætre de celui-ci ",,,2.0,3.0,20.0,30.0,"1","24","1"
,"Je ne pourrais pas faire confiance √† 100% √† un ordinateur. Il existe beaucoup de bug informatique. Si le mode autonome ne fonctionne pas correctement, cela pourrait √™tre dangereux malgr√© l‚Äôattention du conducteur ",,,0.0,0.0,0.0,0.0,"2","23","1"
,,,"le fait que la voiture soit dirig√©e √† distance ne me mets pas en confiance. de plus, pour moi, √† partir du moment o√π une voiture est dirig√©e par un quelconque appareil autre que le conducteur, je ne qualifierai en aucun cas que le conducteur est ma√Ætre du v√©hicule.",0.0,0.0,0.0,0.0,"2","23","1"
,,,"Je ne suis pas ma√Ætre de mon v√©hicule. C'est comme si je prenais le train ou le m√©tro. La conduite devient un temps d'attente.",0.0,0.0,0.0,0.0,"1","25","1"
"nul, je fais plus rien, une fausse aide, autant tout garder pour des questions de responsabilit√©s                                   ....................................................................................;;;;",,,,1.0,1.0,1.0,1.0,"1","23","1"
,,,"Je ne me sens pas vraiment ma√Ætre de mon v√©hicule. Je me sens ma√Ætre de ma destination, de mon itin√©raire. Mais je me sens contraint de devoir programmer exactement ce dernier, au risque que l'itin√©raire que j'ai choisi ne soit pas respect√©. Je n'appr√©cie pas que mes donnes soient stock√©es sur un ""cloud"". J'ai tr√®s peur qu'en cas de panne, il y ait un grave accident. ",0.0,1.0,3.0,15.0,"1","23","1"
,,"Donc , je ne suis plus du tout ma√Ætre de mon v√©hicule .
La voiture autonome de niveau 5 , est une prise de pouvoir de la machine sur l'homme .
Ce qui implique une confiance totale dans le robot qui pilotera cette voiture autonome de niveau 5.
De plus , compte tenu des al√©as de fonctionnements li√©s √† un d√©faut d'alimentation du syst√®me , ou de la panne d'un capteur , ou de l'obsolescence d'un composant √©lectronique , les passagers seront √† la merci du robot .Pour ma part , il est hors de question que j'abandonne mon auto-d√©cision au profit de la machine .
",,0.0,0.0,0.0,0.0,"1","64","3"
,,,"Il faut r√©ussir √† avoir une confiance aveugle en la technologie. Ce n‚Äôest pas mon cas, il l‚Äôeut y avoir un probl√®me √† tout moment et l‚Äôintelligence artificielle peut perdre le contr√¥le du v√©hicule ",0.0,3.0,9.0,50.0,"2","22","1"
,"Je pense me sentir ma√Ætre de mon v√©hicule, mais j'ai peur que la voiture autonome me rappelle √† l'ordre un peu trop tard et que je n'ai pas le temps de rectifier la man≈ìuvre. 
Je pr√©f√®re conduire que de faire confiance √† un robot.",,,2.0,5.0,20.0,43.0,"2","22","1"
"Je reste ma√Ætre du v√©hicule qui, √†  ce stade, est un support  √† la conduite, une assistance fournissant un confort. Si cette assistance ne m'est pas impos√©e, en m'enlevant toute action contraire, je reste ma√Ætre du v√©hicule.",,,,1.0,1.0,1.0,10.0,"2","45","2"
,,,"Je ne me sens plus du tout ma√Ætre de mon v√©hicule, je n'ai aucun contr√¥le et je perds √©galement le plaisir de conduire... ",0.0,0.0,10.0,30.0,"1","23","1"
,,"Totale car je fait confiance aux nouvelles technologies automobiles et leurs innovations. Elles seront d√©j√† hyper perfectionn√©es et auront subies une batterie de tests avant leurs entr√©es sur le march√©. Je ne vois aucune raison (qui ne verse pas dans le complotisme) pour ne pas leurs faire confiance. ",,3.0,41.0,60.0,85.0,"2","21","1"
,,,"Je ne me sentirais pas du tout ma√Ætre de mon v√©hicule dans le sens o√π si je ne le contr√¥le pas un minimum, je n'aurais pas vraiment l'impression que c'est mon v√©hicule.",0.0,0.0,0.0,20.0,"1","23","1"
,"J'aurais tendance √† me sentir encore totalement maitre du v√©hicule √† ce niveau puisque je pourrais revenir √† un niveau z√©ro √† tout moment. Seule inqui√©tude : le laps de temps entre l'incident qui implique de reprendre la main et la reprise en main r√©elle, quelques secondes je suppose. R√©agirais assez vite ?",,,0.0,0.0,20.0,50.0,"2","39","2"
,,"Je ne me sentirais pas ma√Ætre du v√©hicule, par ce que je ne le serais pas. Si je n'ai pas la possibilit√© de modifier la trajectoire, d'arr√™ter le v√©hicule, etc... sans le concours du dispositif de conduite automatique, alors je n'ai aucun contr√¥le. En cas de bris du v√©hicule, d'un mauvais fonctionnement ou d'un piratage, je ne serais pas en mesure de faire quoi que ce soit.",,1.0,1.0,2.0,4.0,"2","40","2"
"Ce genre de technologie a des gadgets. Ils ne permettent pas de gagner grand-chose ou de rendre la voiture plus s√ªre. Ils semblent m√™me dangereux dans la mesure o√π ils peuvent cr√©er un faux sentiment de s√©curit√©.",,,,20.0,30.0,50.0,80.0,"1","24","1"
,,"Au niveau 5, je ne me sens pas du tout ma√Ætre de mon v√©hicule. Je me sentirai comme un passager dans une navette autonome par exemple comme il en existe dans les a√©roports internationaux pour connecter les diff√©rents Hubs. On ne pourrai plus parler de conduite, de ma√Ætrise puisque tout est automatis√© et g√©r√© uniquement par la machine. Je n'ai pas du tout envie que cela se produise.  ",,0.0,0.0,0.0,1.0,"2","41","1"
"Je pense qu'il est essentiel de rester concentrer sur la conduite. Le conducteur est responsable en cas d'accident, il doit donc rester vigilant. Je pense que ces √©l√©ments peuvent r√©duire sa vigilance ",,,,1.0,1.0,1.0,25.0,"2","23","1"
,,,"C‚Äôest le v√©hicule qui para√Æt √™tre ma√Ætre 
Inconcevable d‚Äô√™tre domin√© par la m√©canique et dangereux √† mon sens 
Ce ne doit pas √™tre obligatoire mais une option. ",0.0,0.0,0.0,0.0,"2","65","2"
,"Oui je me sens ma√Ætre de mon v√©hicule ds ces conditions 
Il y a toujours un volant,des p√©dales,et on est pr√©venu si anomalie ",,,50.0,73.0,81.0,82.0,"1","71","3"
,,"Je ne me sentirai pas ma√Ætre du v√©hicule puisque l‚Äôintelligence artificielle contr√¥lerait le syst√®me.",,0.0,0.0,10.0,20.0,"2","22","1"
,,,"Je ne me sentirais en rien ma√Ætre de mon v√©hicule puisque je n‚Äôai aucune commande √† bord (volant,
P√©dales, ...) et que tout se fait √† distance. 
",5.0,43.0,67.0,68.0,"2","22","1"
,,"Je serai ravie que cela puisse exister, cependant, je reste septique √† l'id√©e que la voiture puisse tout ma√Ætriser elle-m√™me.",,1.0,5.0,13.0,37.0,"2","22","1"
"Je ne comprends pas bien l'int√©r√™t d'une voiture de niveau 2, je pr√©f√©rais peut √™tre que la voiture soit compl√®tement autonome ou pas du tout, le fais que la voiture soit en partie autonome me procure du stress car la voiture va remplacer des actions que je suis tr√®s bien capable de faire, quand je conduis je suis a l'aise et en ma√Ætrise car j'effectue toute les actions n√©cessaires constamment (angle mort, clignotant, attention sur la route, etc..) Conduire n'est pas juste d'acc√©l√©rer ou freiner donc pour conduire de fa√ßon agr√©able je pr√©f√®re avoir le contr√¥le complet du v√©hicule plut√¥t que juste de niveau 2.",,,,0.0,0.0,0.0,10.0,"1","22","1"
,,,"Je ne me sens pas maitre de la voiture, s‚Äôil n‚Äôy a absolument aucune commande manuelle je risque de ne pas avoir enti√®rement confiance dans la voiture. Est-ce la voiture est r√©ellement capable d‚Äôanticiper tous les mouvements de tous les usagers ? ",0.0,4.0,23.0,49.0,"2","22","1"
,"Il reste des moyens de contr√¥ler le v√©hicule (volant, p√©dales), si on sent que l'informatique d√©faille c'est plut√¥t s√©curisant.",,,0.0,0.0,14.0,36.0,"1","23","1"
,,,"Je ne me sens absolument pas ma√Ætre de mon v√©hicule dans la mesure o√π je ne choisis que mon lieu d'arriver et √©ventuellement l'itin√©raire √† prendre. Sachant que mes donn√©es ne sont pas prot√©g√©es, je ne suis ma√Ætre de rien",2.0,10.0,20.0,30.0,"2","22","1"
"Je me sentirai ma√Ætre de mon v√©hicule. Dans le sens o√π les fonctions remplies automatiquement ne sont pas essentielles √† la maitrise du v√©hicule sauf en cas de dysfonctionnement. Les fonctions remplies sont basiques donc peu d√©velopp√© avec une utilisation plut√¥t restreinte.",,,,0.0,10.0,30.0,50.0,"1","21","1"
,,"Je ne me sentirais absolument pas ma√Ætre de mon v√©hicule, je ne serais ni rassur√©e ni en confiance. Je ne pense pas que je monterai dans la voiture finalement. ",,2.0,0.0,0.0,2.0,"2","21","1"
,"M√™me si le niveau 2 reste ""limit√©"" en terme d'automatisation, je trouve que cette perte de contr√¥le est quand m√™me inqui√©tante. Je pr√©f√®re g√©rer moi m√™me mon v√©hicule de A √† Z",,,2.0,9.0,20.0,30.0,"2","24","1"
,,,"J‚Äôaimerais toujours avec la possibilit√© de reprendre le contr√¥le si besoin avec un volant et les p√©dales. ",0.0,2.0,0.0,20.0,"2","22","1"
,"En ce qui concerne la gestion de la vitesse, le positionnement des roues.. on retrouve √† peu pr√®s les caract√©ristiques actuelles qui font que l'on est quand m√™me ma√Ætre du v√©hicule de mani√®re constante car malgr√© L‚ÄôIA, on doit rester attentif et √™tre pr√™t √† toute √©ventualit√©. ",,,0.0,0.0,0.0,0.0,"2","22","1"
,,"Je me sentirai ma√Ætre de la voiture mais pas trop, on reste sur une IA, un dysfonctionnement peut √™tre bien arriv√©. Je ne serai pas serein √† l'id√©e de ne pas avoir de contr√¥le m√™me minimum sur la voiture.
",,5.0,23.0,52.0,69.0,"1","24","1"
,"je ne suis pas libre car je suis surveill√©e par un ordinateur qui traite mes donn√©es √† distance.
Je ne me sens pas maitre de mon v√©hicule √† n'importe quel instant",,,1.0,5.0,5.0,7.0,"2","22","2"
,,"Je ne me sentirais absolument pas ma√Ætre de mon v√©hicule. Pour moi, il manque les p√©dales, freins et volants afin de pouvoir reprendre la main sur la voiture. La technologie c‚Äôest top mais il ne faut pas oublier que √ßa peut √™tre d√©faillant et il faut pouvoir avoir un mode manuel.",,1.0,1.0,13.0,20.0,"2","22","1"
,,"Pour ma part, le probl√®me reste les autres conducteurs, tant que TOUT le monde ne dispose pas du m√™me syst√®me de d√©placement, je pense qu‚Äôil est difficile pour l‚ÄôIA de pr√©voir les erreurs que pourraient faire les humains",,0.0,10.0,20.0,80.0,"1","22","2"
"La conduite est partag√©e entre l'autonomie et l'humain, s'il y a n'importe quel accident, je me sentirai donc responsable. Je pense donc √™tre ma√Ætre de mon v√©hicule. Il existe un volant, des p√©dales, un dispositif de conduite autonome et humaine, je suis libre de prendre le contr√¥le de mon v√©hicule.",,,,0.0,3.0,20.0,45.0,"2","21","1"
,,,"Je ne me sent absolument pas maitre de mon v√©hicule, sans volant ni pedale aucun moyen de contr√¥ler le v√©hicule ",0.0,14.0,36.0,63.0,"2","24","1"
,,,"Aucunement maitre du v√©hicule car il n'y a ni volant ni p√©dales. De plus les donn√©es ext√©rieures auxquelles le conducteur doit √™tre attentif en temps normal sont ici g√©r√©es par un syst√®me de cloud. 
",0.0,0.0,0.0,30.0,"2","21","1"
,,"Si le v√©hicule est capable de g√©rer de mani√®re autonome les taches habituelle, cela n‚ÄôimpactE pas mon degr√©s de contr√¥le sur le vehicule",,0.0,0.0,0.0,0.0,"1","23","1"
"Je ne me sens pas totalement en confiance. En effet, sur des longues distances lorsqu'on n'a pas d'activit√©, nous sommes plus sujet √† l'endormissement et si c'est lors d'une de ces phases que la voiture fait un rappel √† l'ordre, j'ai peur que le temps de r√©actions soit trop long",,,,0.0,0.0,30.0,49.0,"2","24","1"
,"Heureusement que le volant est toujours pr√©sent. Ces aides peuvent utiles pour la s√©curit√© et √©viter les accidents. Mais peu confiant au Cloud et aux risques de piratage.",,,1.0,1.0,1.0,40.0,"1","23","1"
"Je me sens encore ma√Ætre du v√©hicule et je vois l'intelligence artificielle comme un assistant qui me conseille et m'aide sur la conduite",,,,0.0,0.0,0.0,27.0,"2","25","1"
,,"Dans le cas d'une voiture autonome de niveau 5, je ne me sens absolument pas ma√Ætre de mon v√©hicule. Si une panne √©lectrique survient, il n'y a aucun moyen de prendre le contr√¥le de la voiture ",,0.0,20.0,45.0,80.0,"1","21","1"
,,,"Plut√¥t confiante car si la voiture est autoris√©e c‚Äôest qu‚Äôil y a peu de risques.
Un peu inqui√®te par rapports √† mes donnes personnelles.",1.0,1.0,9.0,46.0,"2","23","1"
,,"Je me sentirai pas ma√Ætre de mon v√©hicule, le v√©hicule r√©fl√©chit pour moi, je n'ai aucune action sur lui, aucun moyen de reprendre la main, √ßa serait pratique mais je pense que j'aurais du mal √† me dire que c'est MON v√©hicule, enfin je sais pas si une fois test√© √ßa ferait pareil.",,0.0,0.0,6.0,38.0,"2","25","1"
,"Le niveau 2 me correspond dans la mesure o√π cela permet tout de m√™me de garder le contr√¥le de son v√©hicule. De plus, cela permet de conduire ""normalement"" ce qui reste un plaisir pour ma part.",,,1.0,1.0,1.0,1.0,"2","23","1"
,,"Je me sens totalement d√©pourvu, aucune ma√Ætrise, aucun contr√¥le. Tr√®s d√©stabilisant. Il faut avoir totale confiance dans l'IA. ",,0.0,0.0,5.0,10.0,"2","38","2"
,"Je ne me sens pas du tout ma√Ætre de mon v√©hicule. Le fait de savoir d‚Äôune voiture contr√¥le m√™me juste une fonction, √ßa me perturbe et √ßa fait peur. √áa donne une impression que la voiture peut faire ce qu‚Äôelle veut √† tout moment. √áa ne donne pas confiance.",,,0.0,0.0,0.0,10.0,"2","24","1"
,,"sachant que je n'ai pas le contr√¥le (ni l'√©quipement classique pour l'avoir, d'ailleurs), je me sens sans contr√¥le du v√©hicule",,9.0,39.0,73.0,93.0,"2","26","1"
"Je trouve que le fait que la voiture puisse nous rappeler √† l‚Äôordre avec une sonnerie est tr√®s 
perturbant, voir stressant. Je ne me sentirai pas ma√Ætre du v√©hicule avec une voiture de niveau 2 car l√† plus part des commandes sont automatis√©es. Quitte √† avoir une voiture autonome autant qu‚Äôelle le soit √† 100% avec un fort taux de fiabilit√©, ou alors pas du tout car l‚Äôentre deux peut √™tre d√©stabilisant et vu qu‚Äôil faut rester tr√®s attentif, il n‚Äôy a pas le b√©n√©fice de la voiture automone qui est pour moi de ne pas se soucier de la conduite du tout. A ce compte l√† autant avoir une voiture automatique classique qui rend la conduite plus agr√©able tout en nous laissant ma√Ætre du v√©hicule.
Pour la derni√®re phrase en gras sur le localisation de l‚Äôintelligence artificielle dans le v√©hicule, aucune importance pour moi qu‚Äôelle soit dedans, dehors, sur le toit... pas d‚Äôimportance tant que la fonction est remplie.",,,,7.0,7.0,7.0,53.0,"2","23","1"
,,,"Je trouve important d'encore garder la possibilit√© de mainmise sur la conduite bien que l'assistance dans certains aspects comme le changement de voie peuvent √™tre b√©n√©fiques.",5.0,30.0,45.0,55.0,"1","23","1"
,,"Je ne me sens pas ma√Ætre de mon v√©hicule. Je ne contr√¥le rien. En cas, de probl√®me, je ne pourrais pas r√©agir car ma concentration sera focalis√©e ailleurs et non plus sur la conduite. ",,1.0,2.0,4.0,22.0,"2","23","1"
,,"Je ne me sens pas ma√Ætre du v√©hicule. Le fait de ne pas pouvoir la contr√¥ler me fait tr√®s peur, c'est comme √™tre dans un avion.",,0.0,6.0,36.0,74.0,"2","23","1"
,"S'il est possible pour moi de reprendre le volant n'importe quand alors je me sentirais totalement maitre du v√©hicule. ",,,0.0,0.0,0.0,0.0,"2","22","1"
,"Ma√Ætre du vehicule j ai l'impression de faire de la conduite accompagn√© dans la meseure o√π je peux intervenir dans la conduite du vehicule ",,,13.0,45.0,56.0,70.0,"2","22","1"
,"Je me sens ma√Ætre de mon v√©hicule et j‚Äôai l‚Äôimpression que celui ci est l√† uniquement pour g√©rer les aspects de s√©curit√© de ma conduite ",,,0.0,0.0,0.0,2.0,"2","24","1"
,,,"Je ne me sentirais pas du tout ma√Ætre de mon v√©hicule et je n‚Äôarriverais pas √† me sentir totalement en confiance ",0.0,10.0,10.0,40.0,"2","23","1"
,"Il est √©vident que laisser la gestion de la vitesse, du freinage ou de la direction des roues n‚Äôest pas quelque chose que je ferai de mon plein gr√©. La vitesse est ce qui rend la conduite plus agr√©able. Le freinage et la direction sont ce qui la rende plus s√ªre. Aucune de ces 3 dimensions ne peut √™tre laiss√©e √† un ordinateur √† mes yeux ",,,1.0,1.0,10.0,29.0,"1","23","1"
,,"Je ne me sens pas ma√Ætre de mon v√©hicule. Tout est dirig√© par l‚Äôintelligence artificielle, je ne suis que simple passager.
Sur une autoroute, le fait que le v√©hicule soit contr√¥l√©e par un pilote automatique, cela me fait peur. Je n‚Äôaurais pas totalement confiance en la voiture. Par contre, le fait que ce type de voiture soit utilisable dans des villes en remplacement d‚Äôun bus par exemple, cela me rassure car la vitesse est moindre. ",,0.0,0.0,10.0,25.0,"2","22","1"
,,"√Ä l'int√©rieur de ce v√©hicule on pourrait penser ne pas y √™tre ma√Ætre √† bord. Pas de volant, ni de p√©dales pour reprendre la main sur l'IA en cas de besoin. Il faut donc une totale confiance avant de monter dans ce v√©hicule. 
La seule chose que ma√Ætrise l'humain ici est sa parole, ce qu'il indique √† la machine (destination, itin√©raire, allure du v√©hicule...) 

Finalement l'humain se d√©responsabilise, il n'a plus besoin d'attention lors de la conduite. Le v√©hicule devient en quelque sorte un transport en commun individuel. ",,0.0,0.0,0.0,15.0,"1","26","1"
,,,"Je ne me sens pas maitre du v√©hicule, m√™me si j'ai confiance au syst√®me de la voiture autonome. Du coup, je serais partant pour essayer.",0.0,0.0,16.0,49.0,"1","23","1"
,,"Absolument pas ma√Ætre et absolument aucune confiance dans ce genre de technologies qui peuvent √™tre l√† cible de cyber attaque ",,0.0,0.0,0.0,0.0,"2","22","1"
,,"Tr√®s clairement aucune maitrise du v√©hicule puisque je ne peux pas r√©agir en cas de probl√®me sans volant ni p√©dales. Je pense que je ne serais vraiment pas rassur√©e. Apr√®s c'est peut √™tre une question d'habitude, finalement m√™me les avions sont parfois en pilote automatique. ",,0.0,0.0,5.0,15.0,"2","22","1"
"Je me sens assist√© et peu en confiance, j'aurais envie de garder le contr√¥le sur la direction des roues au minimum ",,,,0.0,0.0,10.0,20.0,"1","22","1"
,,,"Je ne me sens aucunement ma√Ætre de mon v√©hicule, au m√™me titre que lorsque je suis sur le si√®ge passager d'une voiture classique",0.0,0.0,0.0,3.0,"2","22","1"
"pour ma part du moment que je peux allumer ou √©teindre mon v√©hicule je me sentirais ma√Ætre de mon v√©hicule ",,,,1.0,1.0,1.0,10.0,"2","30","1"
,,,"Je pense que je garde une partie du contr√¥le de mon v√©hicule √©tant donn√© que j'ai toujours le choix de la destination, en revanche je d√©l√®gue les taches de conduite √† la voiture ce qui ne me d√©range absolument pas. ",0.0,0.0,30.0,80.0,"2","25","1"
,,"Si je peux ma√Ætriser les p√©dales √† tous moment et surtout si il est expliqu√© √† chaque fois ce qu‚Äôil est entrain de se passer et au moindre probl√®me une assistance serait disponible ",,76.0,4.0,12.0,70.0,"1","22","2"
,,"Je me consid√®re comme maitre uniquement sur la d√©cision  du lieu d'arriver et de la possibilit√© de choisir le chemin le plus court / le moins ch√®re 
/ le plusbjolie ( route touristique) et apr√®s je laisse l'IA s'adapter √† mes envies ",,5.0,75.0,5.0,50.0,"1","40","2"
,"Le d√©but du texte laisse sous-entendre que le conducteur reste relativement maitre de la situation mais plus on avance dans le texte plus on pourrait comparer la voiture √† un robot qui aurait le contr√¥le sur nous puisque la voiture peut ""nous rappeler √† l'ordre"". De plus, le fait que le dispositif de conduite automatique se trouve √† distance n'inspire pas confiance, je n'aurais pas l'impression de maitriser pleinement mon v√©hicule.",,,1.0,1.0,1.0,25.0,"2","24","1"
,,"Je ne me sens absolument pas ma√Ætre de mon v√©hicule, surtout si je n‚Äôai pas connaissance d‚Äôun syst√®me d‚Äôurgence ou d‚Äôune possibilit√© de prendre le contr√¥le. ",,4.0,7.0,25.0,35.0,"1","23","1"
,"Je me sentirai plut√¥t en s√©curit√© dans mon v√©hicule et je pourrai avoir la main dessus dans je le souhaite. Il pourrait g√©rer la conduite mais je reste ma√Ætre des d√©cisions qui sont prises. La voiture agit selon mes pr√©f√©rences et mes choix, elle ne g√®re pas absolument tout mon trajet. ",,,0.0,0.0,0.0,0.0,"2","22","1"
"Le niveau 2 est un niveau qui existe d√©j√† sur le march√©. Je n'ai pas entendu de dysfonctionnement pour l'instant. Je pense qu'il est utile pour la conduite, surtout sur l'autoroute ou dans les bouchons. L'intelligence artificielle qui traite les donn√©es semble donc basique. Je pense pouvoir lui faire confiance. ",,,,0.0,50.0,71.0,100.0,"1","28","2"
,"La conduite n'est pas v√©ritablement autonome, puisque je dois surveiller l'essentiel : maintenir mon cap, choisir mes d√©passements, etc. L'ordinateur ne me semble alors qu'une aide √† la d√©cision et une source d'informations
",,,1.0,19.0,50.0,92.0,"1","63","2"
"D‚Äòune part rassur√©e car il s‚Äòagit d‚Äòun moyen de potentiellement la s√©curit√©.
Mais g√™n√©e, mal √† l‚Äòaise. Peut √™tre que le conducteur pourrait perdre de son libre arbitre s‚Äòil s‚Äòappuie trop sur les instructions donn√©es par l‚Äòassitant, il est possible que le conducteur soit moins vigilant sur son environnement immediat.",,,,0.0,5.0,20.0,31.0,"2","28","3"
"Je suis plut√¥t d√©favorable √† cet ‚Äúentre-deux‚Äù, le niveau de concentration lors d‚Äôune exp√©rience conduite sans intelligence artificielle / automatisation de la conduite doit √™tre particuli√®rement √©lev√©, le fait de se d√©concentrer lorsqu‚Äôon laisse la voiture prendre la main, le contr√¥le en fait, puisque nous ne sommes donc plus ma√Ætre des actions de notre v√©hicule, doit rendre difficile la phase de reprise en main du v√©hicule. Je pense que je n‚Äôarriverais pas √† laisser la main √† la voiture dans un √©tat d‚Äôesprit serein, j‚Äôadopterais certainement le m√™me comportement que si ma voiture √©tait une voiture de niveau 0 et n‚Äôutiliserais pas ou peu ces fonctionnalit√©s.",,,,0.0,25.0,60.0,90.0,"2","23","1"
," I actually  drove a level 2 semi-autonomous car and I felt in control of the car because I could choose if I wanted to use and activate the autonomous functionalities or not. Thus, the driver is still ""ma√≠tre"" of the driving experience.",,,0.0,0.0,0.0,30.0,"2","27","1"
,"Je me sens grandement maitresse de mon v√©hicule. je me sens en contr√¥le, autonome, souverain, responsable, je me sens vraiment grandement maitresse de mon v√©hicule. je me sens vraiment en contr√¥le, autonome, souverain, responsable, je sens que je peux faire ce que je veux avec mon v√©hicule et qu'il m'obeit au doigt et √† l'oeil",,,48.0,83.0,100.0,100.0,"2","78","1"
"Je me sens en contr√¥le du v√©hicule, il fait ce que je veux, va o√π je veux comme je veux, je suis maitre de ce v√©hicule.",,,,20.0,39.0,80.0,81.0,"2","56","2"
,"Dans la mesure o√π le recours aux outils de conduite automatique est volontaire, si ces outils ne sont pas activ√©s, je me sentirai autant ma√Ætre de mon v√©hicule que dans une voiture non automatique (mais en g√©n√©ral, je ne me sens pas ma√Ætre de mon v√©hicule, par manque de confiance)
Plus j'utiliserai les options, plus je me sentirai ma√Ætre de mon v√©hicule (car j'ai plus confiance dans ces outils que dans ma propre conduite)",,,0.0,0.0,0.0,2.0,"2","47","2"
"Relativement ma√Ætre du v√©hicule, niveau d'attention √©lev√©, r√©activit√© en cas de probl√®me. Je ne consid√®re cela comme de l'aide √† la conduite.",,,,0.0,0.0,0.0,20.0,"1","34","2"
"J'ai toujours l'impression de contr√¥ler mon v√©hicule. Pas de probl√®me. En effet, je pourrai toujours reprendre le contr√¥le gr√¢ce au volant. ",,,,0.0,0.0,10.0,30.0,"2","27","1"
"un effet ambigu : je pense que je suis maitre de mon v√©hicule mais je crains que je ne le sois pas. √ßa fait un peu peur.",,,,0.0,0.0,5.0,9.0,"1","35","2"
"Je ne me sens pas ma√Ætre de mon v√©hicule si je n'ai pas le contr√¥le de la vitesse et que la voiture me ""rappelle √† l'ordre"" uniquement quand ""elle"" l'estime n√©cessaire",,,,0.0,0.0,5.0,10.0,"2","25","1"
"Je pense √™tre toujours en ma√Ætrise de ma voiture √©tant donn√© qu'elle passera en mode automatique pour des t√¢ches particuli√®res lorsque je lui c√®de le contr√¥le. 
Je suis √©galement responsable de ma voiture devant √™tre attentif pour reprendre le relais quand il faut. ",,,,53.0,91.0,95.0,95.0,"2","34","2"
"""Votre v√©hicule sera donc √©quip√© de mani√®re classique avec un volant, des p√©dales de frein et un dispositif de conduite automatique permettant une conduite √† la fois autonome et humaine"" 
dans cette phrace je sent que meme avec les options de l'inteligence artificielle disponible je doit etre attentife avec la voiture 
ou bien il doit etre un alarme ou une notification pour me faire attention que je doit utiliser la voiture d'une mani√©re classique",,,,0.0,0.0,63.0,100.0,"2","29","2"
"La voiture est √©quip√©e, comme toutes voitures non-autonomes, des √©quipements  n√©cessaires √† une conduite ""manuelle"". Je reste ma√Ætre de mon v√©hicule, car j'ai la possibilit√© d'intervenir √† tout moment. ","Je reste ma√Ætre de la conduite, car c'est √† moi de rester attentif et d'intervenir lors des situations dangereuses.","N'ayant pas la capacit√© d'intervenir sur la conduite, je ne suis plus ma√Ætre de cette conduite. Or, je suis ma√Ætre de son entretien et du choix de la voiture que j'utilise. La responsabilit√© n'est plus sur la conduite de la voiture, mais sur le choix de la voiture. Si je n'effectue pas les mise √† jours n√©cessaires, si la voiture n'est pas entretenue de la bonne mani√®re, lors elle ne peut fonctionner de mani√®re normale. En cas d'accident ce sera une erreur de l'intelligence artificielle, sauf dans le cas d'un manque d'entretien.","Je ne suis plus ma√Ætre de la conduite, car tout le fonctionnement de la voiture ce fait via cloud, via un outil qui ne se trouve plus dans la voiture.",0.0,0.0,20.0,30.0,"1","27","2"
"Que les informations soient dans ou √† l'ext√©rieur du v√©hicule (cloud) je ne me sens pas plus en danger ou en s√©curit√©","Aujourd'hui les technologies automobiles sont tr√®s √©volu√©es. Les derni√®res innovations mise en place permettent √† la fois d'√™tre en s√©curit√© dans un v√©hicule g√©rant seul sa vitesse et sa position dans la voie et en m√™me temps de reprendre la main √† tout moment","Ce syst√®me n'est pas forc√©ment d√©rangeant √† condition que toutes les autres voitures sur la route en soit √©quip√©es","Je ne vois pas de probl√®me √† cela, √† condition aussi que tous les autres v√©hicules poss√®dent le m√™me syst√®me",0.0,0.0,50.0,75.0,"1","24","1"
"Trop de place √† l'inconnu selon moi cela peut causer des incompr√©hension et causer des accidents. Sauf si √† n'importe quel moment je peux prendre le controle de mon v√©hicule.","Trop de place √† l'inconnu selon moi cela peut causer des incompr√©hensions et causer des accidents. Sauf si √† n'importe quel moment je peux prendre le controle de mon v√©hicule.","Utilisation √† niveau 0 ou 5 seulement. Les interm√©diaires semblent laisser trop de d'inconnus entre l'humain et le logiciel. Si le niveau 5 peut g√©rer la compr√©hension de potentiel accident inhabituel (ex: vous voyez au loin ou voiture rouler √† contre sens vers vous, que fait votre voiture ?) pourquoi pas si cela fait ces preuves.","Utilisation √† niveau 0 ou 5 seulement. Les interm√©diaires semblent laisser trop de d'inconnus entre l'humain et le logiciel. Si le niveau 5 peut g√©rer la compr√©hension de potentiel accident inhabituel (ex: vous voyez au loin ou voiture rouler √† contre sens vers vous, que fait votre voiture ?) pourquoi pas si cela fait ces preuves",0.0,10.0,16.0,40.0,"1","26","2"
,,,,,,,,,,
,,,,,,,,,,
,,,,,,,,,,
